{"target":"c++","imports":[],"type_definitions":{"schemas":[],"native_types":{},"events":[]},"top_level_astds":[{"name":"Unnamed1","parameters":[{"name":"x","type":"int","domain":{"type":"EnumeratedDomain","value":[1,2,3]}}],"type":"Automaton","typed_astd":{"attributes":[],"code":"","states":[{"name":"S0","astd":{"type":"Elem","typed_astd":{}},"entry_code":"","stay_code":"","exit_code":""},{"name":"S1","astd":{"type":"Elem","typed_astd":{}},"entry_code":"","stay_code":"","exit_code":""}],"transitions":[{"arrow_type":"Local","arrow":{"from_state_name":"S0","to_state_name":"S1"},"event_template":{"label":"e","parameters":[{"parameter_kind":"Expression","parameter":"x"}],"when":[]},"guard":"","action":"{x=x+1;}","from_final_state_only":false}],"shallow_final_state_names":[],"initial_state_name":"S0"}}]}